3813,3605,3732.96,57.3
3994,3581,3751.9,98.32
3953,3550,3723.48,99.05
4026,3472,3705.22,116.51
3937,3472,3710.98,115.21
3959,3472,3705.84,122.07
3909,3472,3682.26,116.75
3900,3465,3653.3,105.7
3842,3465,3662.24,89.3
3839,3465,3650.56,89.85
3801,3458,3593.36,96.28
3940,3451,3600.76,107.84
3916,3432,3594.7,111.86
3844,3432,3588.06,108.04
3862,3419,3577.82,106.92
3804,3419,3582.82,100.12
3808,3419,3573.04,112.46
3782,3419,3556.32,103.41
3771,3419,3571.42,92.6
3799,3419,3562.4,85.92
3703,3419,3555.88,79.63
3722,3415,3528.62,78.43
3776,3415,3530.06,83.01
3728,3400,3521.4,84.83
3721,3400,3499.7,84.91
3700,3400,3488.02,73.33
3679,3400,3483.18,66.57
3628,3400,3484.26,58.72
3619,3375,3480.76,62.84
3671,3375,3471.72,65.67
3592,3375,3452.1,56.79
3597,3364,3443.16,58.4
3616,3346,3437.86,65.46
3604,3346,3422.22,62.87
3698,3340,3425.16,70.69
3579,3340,3414.3,61.26
3537,3340,3408.26,55.94
3622,3309,3422.7,68.25
3556,3309,3404.7,55.42
3524,3309,3395.68,58.8
3519,3309,3393.72,63.96
3554,3309,3384.18,69.44
3519,3309,3382.52,64.5
3536,3306,3399.82,64.85
3559,3306,3371.42,63.52
3551,3306,3364.3,62.07
3644,3306,3383.8,77.51
3644,3304,3369.32,73.96
3521,3298,3368.02,60.95
3608,3298,3389.84,76.72
3554,3298,3372.18,68.16
3522,3298,3351.62,54.68
3522,3296,3355.48,60.62
3527,3296,3359.94,61.74
3451,3296,3337.36,45.65
3560,3296,3370.82,63.64
3560,3296,3355.8,55.05
3412,3296,3327.72,32.18
3581,3296,3357.6,59.69
3474,3296,3354.02,50.31
3574,3296,3341.48,53.24
3536,3296,3363.34,62.18
3538,3296,3357.32,58.51
3538,3296,3330.3,49.37
3565,3296,3360.54,67
3528,3296,3352.3,72.35
3528,3288,3341.74,63.46
3545,3288,3360.24,69.66
3590,3288,3345.78,66.85
3628,3288,3358.36,88.84
3598,3288,3369.82,84.07
3588,3288,3337.84,71.17
3480,3288,3315.36,45.21
3517,3288,3337.98,66.84
3500,3288,3331.04,63.89
3476,3288,3329.18,56.44
3586,3288,3346.14,74.31
3601,3288,3332.24,67.04
3524,3288,3317.64,60.74
3509,3288,3332,53.24
3439,3288,3321.82,47.2
3417,3288,3323.32,46.04
3515,3288,3339.74,68.77
3515,3288,3319.16,55.99
3545,3288,3332.4,72.37
3603,3288,3387.6,89.66
3606,3288,3367.64,77.63
3487,3288,3351.74,57.57
3533,3288,3359.08,75.33
3513,3288,3353.94,72.26
3515,3288,3329.16,58.31
3499,3288,3346.74,61.68
3499,3288,3327.7,49.27
3494,3288,3320.38,46.42
3524,3288,3347.44,68.52
3540,3288,3329.92,60.73
3456,3288,3317.62,45.62
3464,3287,3332.84,50.1
3443,3287,3313.6,37.83
3418,3287,3311.86,38.88
3499,3286,3339.96,57.18
3518,3286,3323.52,52.58
3493,3286,3318.44,43.42
3495,3286,3351.84,59.39
3473,3285,3333.72,54.23
3418,3285,3312.7,42.35
3507,3285,3340.44,63.35
3530,3285,3335.78,62.09
3420,3285,3314.18,39.23
3518,3285,3342.94,60.36
3498,3285,3341.16,59.64
3429,3285,3324.66,41.52
3496,3285,3362.52,62.92
3484,3285,3350.52,59.89
3527,3285,3348.32,59.47
3503,3282,3347.1,60.51
3524,3282,3333.5,58.28
3393,3282,3304.68,29.85
3458,3264,3333.34,55.66
3440,3264,3319.62,45.32
3440,3264,3314.6,45.11
3586,3264,3337.68,73.17
3526,3260,3339.98,81.28
3526,3260,3323.8,66.95
3533,3260,3343.4,66.95
3533,3260,3330.64,69.68
3535,3260,3311.64,67.35
3499,3260,3321.52,64.73
3526,3255,3314.42,68.56
3454,3255,3309.36,54.94
3464,3255,3347.34,67.69
3455,3255,3319.42,59.11
3413,3255,3302.46,47.42
3476,3255,3321.76,60.66
3461,3255,3311.62,56.05
3520,3255,3303.68,60.24
3485,3244,3322.82,66.75
3509,3244,3311.76,63.46
3509,3244,3305.18,64.62
3462,3244,3310.24,65.01
3456,3244,3299.34,60.97
3421,3244,3293.26,55.25
3459,3244,3313.72,59.26
3459,3244,3314.26,68.09
3579,3244,3284.12,66.33
3574,3244,3311.56,73.99
3509,3244,3286,57.81
3454,3244,3279.92,48.72
3496,3244,3309.88,66.85
3473,3244,3314.56,65.39
3506,3244,3312.1,62.71
3502,3244,3336.02,82.7
3502,3244,3337.14,86.58
3475,3244,3337.04,70.83
3551,3244,3350.82,90.39
3629,3244,3327.68,85.4
3580,3244,3316.22,78.28
3518,3244,3337.98,79.3
3490,3244,3319.54,67.03
3455,3244,3303.72,61.49
3458,3244,3321.76,70.88
3495,3244,3306.78,75.02
3506,3244,3298.82,73.5
3492,3244,3314.3,71.1
3523,3244,3305.4,73.79
3448,3244,3288.12,60.11
3511,3244,3312.2,73.31
3456,3244,3296.86,65.09
3456,3244,3299.84,66.09
3474,3244,3325.96,82.69
3456,3244,3311.58,68.34
3431,3244,3297.94,61.63
3538,3244,3311.64,71.96
3561,3244,3289.7,69.22
3382,3244,3273.42,42.69
3425,3244,3291.2,57.63
3458,3244,3270.62,48.76
3380,3244,3256.52,29.29
3429,3244,3277.34,46.32
3429,3244,3268.3,45.97
3401,3244,3270.44,44.01
3495,3244,3317.18,73.61
3495,3244,3293.22,68.64
3495,3244,3281.26,58.43
3454,3244,3297.34,60.44
3414,3244,3288.64,52.38
3445,3244,3290.2,65.9
3448,3244,3311.82,65.25
3462,3238,3304.8,57.2
3462,3238,3288.9,55.4
3442,3238,3319.1,63.53
3475,3238,3312.86,67.12
3448,3238,3317.08,60.61
3531,3238,3338.16,82.99
3531,3238,3304.26,62.46
3461,3238,3306.98,57.59
3529,3238,3331.9,71.9
3509,3238,3334.86,74.61
3479,3238,3321.2,73.66
3564,3238,3324.68,88.93
3539,3238,3307.04,76.82
3505,3238,3294.72,67.66
3505,3238,3323.62,73.37
3476,3238,3305.4,66.67
3541,3238,3301.9,68.72
3530,3238,3329.3,71.45
3455,3238,3288.8,54.69
3450,3238,3277.26,49.15
3427,3238,3295.22,57.74
3497,3238,3281.58,60.47
3465,3232,3282.02,56.94
3435,3232,3298.36,57.66
3420,3232,3278.24,50.78
3404,3232,3273.86,49.34
3461,3232,3301.62,59.16
3432,3232,3280.64,50.46
3432,3232,3271.56,47.85
3422,3232,3289.7,55.37
3433,3232,3294.16,63.78
3460,3232,3296.34,71.51
3476,3232,3320,85.43
3455,3232,3305.54,84.69
3449,3232,3273.56,61.74
3492,3226,3291.56,68.59
3497,3226,3287.1,70.67
3497,3226,3269.94,57.59
3455,3226,3295.6,70.23
3401,3226,3266.66,53.67
3401,3226,3251.66,42.83
3502,3226,3280.56,65.04
3455,3226,3275.58,68.06
3455,3226,3270.9,67.26
3502,3226,3278.78,59.09
3442,3226,3285.26,60.15
3420,3226,3270.1,54.89
3537,3226,3308.1,79.26
3495,3226,3288.28,72.7
3432,3226,3273.16,63.48
3509,3226,3304.14,75.12
3523,3226,3284.6,73.54
3445,3226,3266.12,60.58
3519,3226,3289.42,76.75
3553,3226,3274.66,69.27
3432,3226,3277.8,59.73
3512,3226,3308.96,78.95
3510,3226,3310.58,80.88
3527,3226,3295.16,74.79
3653,3226,3331.08,92.26
3580,3226,3315.56,88.26
3458,3226,3292.54,72.38
3552,3226,3285.4,68.66
3492,3226,3271.4,56.94
3474,3226,3260.24,50.04
3502,3226,3307.54,82.67
3502,3226,3274.26,68.1
3417,3226,3259.1,52.3
3432,3226,3294.04,65.88
3469,3226,3272.46,57.72
3462,3226,3278.38,61.87
3453,3226,3294.38,60.02
3412,3226,3284.3,60.19
3374,3226,3259.6,47.61
3454,3226,3292.56,75.51
3416,3226,3274.88,60.48
3426,3226,3263.74,56.94
3479,3226,3285.2,63.95
3462,3226,3264.96,59.42
3454,3226,3260.08,57.94
3557,3226,3292.52,75.46
3500,3226,3288.06,75.72
3483,3226,3284.04,75.66
3503,3226,3303.08,74.91
3520,3226,3298.34,76.36
3467,3226,3307.3,71.75
3562,3226,3322.8,87.18
3454,3226,3295.04,75.42
3451,3226,3295.9,73.51
3507,3226,3335.86,77.07
3451,3226,3309.2,71.74
3451,3226,3304.38,71.51
3548,3226,3324.34,77.09
3542,3226,3321.64,88.82
3438,3226,3272.58,59.28
3447,3226,3297.18,59.73
3447,3226,3285.9,59.3
3395,3226,3264.8,44.8
3471,3226,3287.7,63.36
3401,3226,3273.04,54.95
3418,3226,3261.18,46.48
3422,3226,3286.96,60.63
3412,3226,3276.78,55.69
3358,3226,3247.1,35.11
3438,3226,3282.9,62.15
3419,3226,3261.3,47.58
3357,3226,3244.16,33.44
3416,3226,3280.4,59.31
3416,3226,3259.72,48.16
3373,3226,3246.56,40.25
3501,3226,3288.92,71.44
3516,3226,3295.2,82.77
3419,3226,3267.62,61.13
3485,3226,3301.74,79.38
3520,3226,3269.62,67.43
3368,3226,3243.46,36.59
3450,3226,3287.24,66.91
3424,3226,3260.68,53.38
3424,3226,3242.36,38.71
3548,3226,3281.64,75.59
3478,3226,3274.08,68.61
3501,3226,3265.8,73.38
3470,3226,3294.54,68.92
3437,3226,3270.58,58.18
3380,3226,3258.1,47.38
3405,3226,3271.84,56.03
3426,3226,3264.76,51.87
3420,3226,3256.64,44.98
3441,3226,3274.82,58.33
3415,3226,3259.62,52.26
3415,3226,3248.88,43.96
3469,3226,3287.36,72.97
3469,3226,3282.26,66.09
3376,3226,3263.24,49.33
3485,3226,3293.4,66.8
3434,3226,3264.36,54.49
3414,3226,3268.6,50.55
3501,3226,3299.72,77.42
3486,3226,3292.38,77.96
3476,3226,3293.74,67.36
3467,3226,3298.9,71.44
3436,3226,3288.56,61.34
3523,3226,3308.98,76.45
3501,3226,3329.34,75.49
3555,3226,3318.96,89.17
3534,3226,3298,85.94
3596,3226,3322.22,95.65
3564,3226,3303.16,91.45
3463,3226,3283.58,75.89
3459,3226,3297.88,70.69
3472,3226,3296.74,71.88
3473,3226,3281.56,68.44
3517,3226,3320.34,81.88
3504,3226,3299.84,80.55
3496,3226,3292.42,69.63
3475,3226,3305.86,66.37
3508,3226,3310.98,75.13
3433,3226,3284.62,52.53
3460,3226,3296.3,63.54
3474,3226,3277.58,61.33
3380,3226,3267.32,49.43
3452,3226,3292,69.62
3452,3226,3277.6,63.94
3408,3226,3248.9,42.48
3450,3226,3292.22,68.92
3450,3226,3287.46,66.42
3416,3226,3276.5,61.88
3528,3226,3315.86,77.36
3528,3226,3303.74,92.63
3447,3226,3256.98,47.85
3432,3224,3287.28,63.64
3415,3224,3283.02,62.52
3416,3224,3260.66,52.68
3559,3224,3288.52,78.48
3559,3222,3264.7,66.6
3411,3222,3266.16,54.06
3474,3222,3300.76,74.32
3509,3222,3276.92,75.81
3499,3222,3268.94,67.83
3450,3222,3259.88,55.57
3468,3222,3268.06,66.2
3450,3222,3266.14,68.44
3504,3209,3298.54,78.83
3504,3209,3291.6,76.21
3504,3209,3290.44,76.88
3504,3209,3305.08,76.41
3463,3209,3284.12,75.18
3501,3209,3262.58,75.22
3545,3209,3298.2,89
3489,3209,3286.46,71.49
3436,3209,3276.86,59.81
3446,3209,3295,72.12
3439,3209,3284.74,67.81
3438,3209,3290.62,65
3476,3209,3302.66,77.54
3476,3209,3297.16,88.61
3416,3209,3268.46,69.84
3488,3209,3290.1,81.93
3488,3209,3277.2,73.58
3410,3209,3270.98,62.89
3453,3209,3281.8,70.15
3446,3209,3264.92,64.55
3441,3209,3263.74,69.62
3465,3209,3278.04,81.63
3463,3209,3276.6,80.42
3539,3207,3268.04,71.59
3570,3207,3298.06,84.33
3446,3207,3295.72,74.85
3447,3204,3276.1,68.69
3425,3204,3286.12,62.06
3376,3202,3255.4,53.43
3391,3202,3240.48,44.01
3520,3202,3281.06,70.06
3520,3199,3274.2,77.76
3423,3199,3245.78,52.3
3414,3199,3257.42,61.55
3417,3199,3254.3,64.51
3414,3199,3240.56,61.06
3524,3199,3285.94,80.13
3524,3197,3273.42,78.31
3418,3197,3247.9,61.74
3545,3197,3276.88,89.44
3402,3197,3238,56.41
3414,3197,3243.92,64.67
3435,3197,3255.4,62.73
3380,3197,3242.06,56.9
3475,3197,3266.9,77.9
3430,3197,3272.6,71.91
3460,3197,3276.62,83.03
3438,3197,3256.6,65.58
3586,3197,3299.84,87.82
3586,3197,3264.58,72.76
3586,3197,3252.44,71.94
3432,3197,3264.68,60.58
3432,3197,3257,66.5
3414,3197,3239.96,55.71
3440,3197,3283.64,72.19
3414,3197,3255.64,68.77
3405,3197,3258.92,62.08
3489,3197,3285.32,68.05
3405,3197,3266.88,58.31
3443,3197,3250.34,56.32
3505,3194,3284.78,75.13
3441,3194,3257.02,60.17
3397,3194,3244.84,57.32
3519,3194,3274.76,78.21
3508,3194,3278.84,83.32
3456,3194,3281.12,76.8
3456,3194,3292.5,83.86
3496,3194,3268.98,87.05
3459,3194,3259.22,74.5
3486,3194,3288.44,77.41
3504,3194,3294.42,81.7
3400,3194,3255.02,68.38
3494,3194,3275.3,83.48
3490,3194,3257.28,75.94
3406,3194,3238.24,54.52
3536,3194,3258.22,67.71
3464,3194,3247.64,61.4
3393,3194,3232.82,60.57
3437,3193,3260.5,68.87
3439,3193,3248.36,58.73
3439,3193,3253.76,62.01
3441,3190,3264.88,64.4
3457,3189,3255.46,63.16
3417,3189,3240.88,55.95
3494,3189,3262.38,73.22
3494,3189,3253.22,68.09
3445,3189,3253.22,77.07
3492,3189,3277.68,79.15
3512,3189,3261.92,78.28
3465,3189,3259.12,72.94
3462,3184,3285.52,81.24
3440,3184,3273.22,82.27
3459,3184,3254.74,75.36
3484,3184,3276.22,77.57
3475,3184,3267.72,81.13
3446,3184,3238.96,68.79
3492,3184,3274.82,91.5
3492,3184,3265.26,88.4
3470,3183,3245.48,76.79
3477,3183,3246.76,82.24
3399,3183,3230.94,68.01
3412,3183,3235.18,67.04
3503,3183,3269.3,76.02
3434,3183,3258.98,72.39
3547,3183,3266.74,76.75
3513,3183,3279.66,79.17
3385,3183,3252.8,58.05
3370,3183,3245.12,52.64
3446,3183,3273.3,69.5
3400,3183,3248.84,59.97
3361,3183,3245.08,53.66
3437,3183,3273.6,75.61
3521,3183,3248.82,69.54
3529,3183,3247.52,71.83
3494,3183,3266.32,73.91
3418,3183,3266.76,71.95
3371,3183,3235.66,53.12
3438,3183,3259.1,68.28
3438,3183,3236.38,60.2
3438,3183,3223.24,69.38
3421,3183,3255.88,77.23
3443,3183,3259.58,87.43
3443,3183,3234.02,72.54
3431,3183,3264.8,72.87
3434,3183,3253.78,71.33
3440,3183,3250.08,69.17
3413,3183,3279.54,72.26
3413,3183,3262.62,75.22
3417,3183,3247.38,77.84
3483,3183,3265.32,75.53
3438,3183,3244.74,75.3
3428,3183,3236.58,64.95
3414,3183,3271.56,73
3413,3183,3243.46,63.76
3413,3183,3219.54,53.29
3465,3183,3260.98,67.52
3461,3183,3248.48,60.11
3461,3183,3233.18,62.94
3467,3183,3268.64,82.15
3587,3183,3270.58,92.38
3392,3183,3243.5,68.06
3591,3182,3272.66,88.7
3591,3182,3263.6,91.97
3491,3182,3233.12,77.55
3425,3182,3254.76,67.85
3425,3182,3247.18,64.22
3434,3182,3240.92,61.59
3492,3180,3249.8,69.39
3417,3180,3230.5,60.52
3347,3180,3206.28,44.87
3455,3180,3236.52,69.66
3351,3180,3221.34,56.27
3351,3180,3222.58,54
3446,3180,3262.2,76.63
3439,3180,3229.14,70.18
3405,3180,3226.7,67.64
3424,3180,3266.2,82.95
3384,3180,3235.26,65.98
3433,3180,3237.98,66.04
3434,3180,3255.84,71.09
3463,3180,3248.22,80.67
3429,3180,3231.2,65.69
3403,3178,3254.66,66.35
3395,3178,3234.38,62.24
3399,3178,3236.5,64.53
3446,3178,3281.86,72.57
3443,3178,3268.72,75.82
3382,3177,3264.38,73.45
3532,3177,3284.04,93.64
3436,3177,3236.18,80.08
3440,3177,3222.22,76.58
3447,3177,3245.86,74.21
3447,3177,3222.6,64.64
3333,3177,3219.04,55.27
3424,3177,3262.66,77.35
3451,3177,3247.04,68.19
3433,3177,3249.12,74.26
3392,3177,3260.74,69.43
3402,3177,3237.46,70.53
3358,3177,3221.42,58.14
3486,3177,3253.72,82.95
3486,3177,3230.96,69.78
3361,3176,3215.18,54.99
3363,3176,3242.32,59.82
3394,3176,3247.56,68.16
3375,3176,3232.52,66.8
3440,3176,3250.9,71.84
3440,3176,3239.72,71.97
3440,3176,3237.56,73.64
3522,3176,3269.5,89.75
3489,3176,3259.38,80.09
3489,3176,3256.1,70.83
3445,3176,3273.48,69.41
3401,3176,3267.56,62.98
3381,3176,3256.94,61.82
3487,3176,3287.34,75.01
3499,3176,3254.38,74.89
3404,3176,3242.42,65.53
3498,3176,3270.2,76.73
3421,3176,3231.44,65.59
3421,3176,3234.88,66.4
3470,3176,3259.62,74.22
3500,3176,3267.8,80.72
3486,3176,3269.92,83.99
3611,3176,3293.92,94.11
3409,3176,3261.22,73.17
3475,3176,3254,75.4
3528,3176,3284.58,87.5
3396,3176,3250.06,64.09
3352,3176,3239.64,63.14
3412,3176,3248.46,72.57
3422,3173,3245.26,83.08
3486,3173,3252.9,80.2
3436,3173,3275.06,81.83
3550,3173,3269.56,94.87
3413,3173,3236.82,74.43
3434,3173,3276.38,78.19
3481,3173,3278.4,84.99
3429,3173,3238.5,77.86
3441,3173,3266.98,78.5
3472,3173,3256.04,89.03
3463,3173,3250.12,74.69
3504,3173,3280.42,94.32
3501,3173,3289.34,97.79
3529,3173,3266.98,92.23
3546,3173,3271.18,93.51
3625,3173,3267.56,92.82
3440,3173,3234.08,67.91
3450,3173,3269.48,78.06
3415,3173,3240.86,70.83
3415,3173,3222.64,65.35
3449,3173,3235.06,67.01
3412,3173,3216.48,64.75
3418,3173,3194.92,43.28
3446,3173,3228.44,63.33
3436,3173,3203.56,51.77
3356,3173,3199.94,50.65
3449,3173,3230.06,70.66
3400,3173,3206.1,54.71
3400,3173,3194.64,49.98
3412,3173,3229.88,70.43
3446,3173,3208.84,60.98
3407,3173,3202.44,53.3
3409,3173,3241.16,65.49
3418,3173,3223.66,66.52
3418,3173,3216.54,69.89
3520,3173,3268.56,82.92
3433,3173,3254.6,81.74
3412,3173,3246.24,78.15
3507,3173,3291.66,93.46
3494,3173,3258.18,90.39
3442,3173,3234.64,84.4
3467,3173,3252.02,80.86
3466,3173,3251.7,73.43
3426,3173,3232.42,66.69
3410,3173,3254.94,73.7
3485,3173,3243.42,74.53
3425,3173,3227.76,69.29
3408,3173,3247.68,70.66
3375,3173,3233.08,66.17
3402,3173,3229.16,68.38
3443,3173,3239.72,68.3
3357,3173,3217.74,58.66
3357,3173,3206.02,48.8
3507,3173,3237.06,70.29
3443,3173,3229.6,67.21
3385,3173,3239.78,66.59
3504,3173,3266.74,87.92
3421,3172,3250.54,80.52
3407,3172,3239.02,75.95
3438,3172,3255.8,73.36
3454,3172,3262.12,82.17
3472,3172,3246.2,80.19
3501,3172,3270.76,88.17
3410,3172,3218.96,62.29
3382,3172,3206.46,48.74
3430,3172,3260.5,64.87
3337,3172,3240.02,51.72
3343,3172,3221.64,50.2
3387,3172,3224.52,61.86
3387,3172,3204.54,58.56
3387,3172,3214.78,68.69
3382,3172,3246.56,69.13
3429,3172,3245,83.29
3478,3172,3233.78,85.23
3509,3172,3262.66,90.04
3460,3172,3249.98,76.69
3452,3172,3237.02,87.49
3441,3172,3259.8,83.35
3397,3172,3248.94,75.39
3465,3172,3234.96,77.46
3472,3172,3268.26,87.19
3530,3172,3249.42,81.4
3530,3172,3269.72,82.4
3531,3172,3299.56,87.84
3532,3172,3307,97.39
3605,3172,3305.08,100.56
3602,3172,3321.04,115
3551,3172,3287.44,103.76
3460,3172,3260.8,97.51
3442,3172,3284.8,89.4
3450,3172,3285.64,89.01
3450,3172,3253.82,81.49
3523,3172,3270.44,92.12
3482,3172,3247.56,76.12
3419,3172,3219.38,63.54
3522,3172,3263.26,92.22
3470,3172,3268.96,92
3603,3172,3277.28,109.14
3542,3172,3281.3,99.42
3482,3172,3274.36,91.58
3451,3172,3254.9,70.75
3448,3172,3288.56,74.43
3455,3172,3289.58,84.76
3512,3172,3269.3,87.52
3512,3172,3297.62,104.2
3551,3172,3295.46,92.09
3496,3172,3282.58,78.32
3525,3172,3308.46,100.27
3474,3172,3281.82,92
3586,3172,3282.7,101.31
3498,3172,3288.16,98.84
3438,3172,3252.72,80.39
3481,3172,3244.44,85.3
3480,3172,3272.94,91.02
3459,3172,3255.6,88.28
3533,3172,3234.82,92.7
3493,3172,3263.78,90.45
3493,3172,3266.16,84.3
3394,3172,3250.08,70.17
3492,3172,3277.72,77.6
3428,3172,3255.12,85.65
3474,3172,3242.08,79.24
3445,3172,3237.46,69.5
3481,3172,3227.16,73.08
3366,3172,3212.68,54.16
3417,3172,3223.12,63.99
3417,3172,3211.54,57.8
3374,3172,3202.14,53.11
3468,3172,3236.9,81
3461,3172,3223.26,80.01
3461,3172,3216.86,75.77
3439,3172,3239.12,76.4
3461,3172,3241.76,87.89
3474,3172,3230.8,86.61
3474,3172,3258.78,86.95
3451,3172,3248.56,85.57
3451,3172,3242.56,87.36
3606,3172,3263.14,101.35
3606,3172,3266.42,97.67
3606,3172,3262.36,103.24
3530,3172,3278.24,86.18
3475,3172,3258.06,82.6
3475,3172,3240.7,67.78
3502,3170,3269.66,82.85
3530,3170,3248.74,75.08
3438,3170,3242.18,69.56
3425,3170,3269.96,67.82
3430,3170,3255.16,77.34
3433,3170,3232.26,71.57
3433,3170,3274.54,74.12
3424,3170,3254.3,72.52
3424,3170,3242.58,76.46
3455,3165,3273.72,86.44
3455,3165,3269.4,93.9
3448,3165,3230.52,81.06
3473,3165,3285.8,97.77
3479,3165,3295.98,99.55
3452,3165,3262.94,86.02
3495,3165,3284.2,95.03
3476,3165,3258.28,78.67
3406,3165,3236.86,61.33
3411,3163,3257.22,73.86
3396,3163,3235.44,69.63
3396,3163,3215.16,63.31
3431,3163,3244.88,80.48
3374,3163,3214.64,57.86
3374,3163,3204.92,48.19
3414,3163,3229.5,72.37
3438,3163,3207.56,66.14
3303,3163,3185.22,35.47
3367,3163,3219.14,56.86
3345,3163,3228.04,57.84
3344,3163,3225.18,62.55
3408,3163,3249.06,75.7
3407,3163,3235.78,74.78
3445,3163,3218.72,67.21
3449,3163,3233.98,81.01
3364,3163,3206.96,55.12
3325,3163,3205.88,48.21
3406,3163,3243.58,69.95
3393,3163,3227.88,63.21
3376,3163,3230.94,63.6
3527,3163,3266.14,92.79
3553,3163,3258.12,105.82
3451,3163,3245.06,83.49
3480,3163,3277.42,98.72
3519,3163,3239.6,91.71
3539,3163,3216.58,78.99
3533,3163,3237.76,80.25
3441,3163,3217.32,74.25
3419,3163,3199.8,67.42
3449,3159,3240.42,76.59
3384,3159,3216.38,65.29
3478,3159,3220.16,74.97
3472,3159,3226.08,78.01
3363,3159,3208.94,57.74
3324,3159,3206.48,56.36
3463,3159,3250.1,85.81
3456,3159,3224.16,88.25
3471,3159,3213.58,82.67
3411,3159,3242.86,72.2
3360,3159,3213.72,58.58
3316,3159,3211.9,54.23
3439,3159,3250.82,77.46
3439,3159,3242.74,71.13
3344,3159,3229.46,61.07
3477,3159,3259.18,81.53
3477,3159,3242.7,80.67
3477,3159,3220.04,74.63
3409,3159,3232.62,69.57
3409,3159,3229.7,68.99
3352,3159,3198.8,53.76
3448,3159,3246.9,73.75
3401,3159,3218.7,71.61
3379,3159,3224.74,70.83
3485,3159,3235.68,94.92
3448,3159,3203.72,80.32
3357,3159,3189.54,59.93
3359,3159,3216.3,68.23
3370,3159,3201.48,60.78
3333,3159,3191.02,47.68
3457,3159,3222.9,77.24
3368,3159,3204.58,63.89
3368,3159,3194.92,52.72
3499,3159,3224.04,68.18
3499,3159,3214.92,66.31
3359,3159,3202.34,56.72
3412,3159,3234.9,84.73
3422,3159,3218.78,76.92
3475,3159,3220.86,84.55
3475,3159,3243.9,80.91
3406,3159,3224.34,73.11
3372,3159,3220.82,66.27
3465,3159,3255.54,81.21
3377,3159,3226.64,61.24
3401,3159,3224.98,60.19
3410,3159,3255.6,78.53
3431,3159,3240.32,77.03
3411,3159,3226.58,67.07
3495,3159,3258.7,82.8
3466,3159,3241.98,78.97
3466,3159,3221.74,68.93
3489,3159,3235.54,81.12
3466,3159,3223.62,74.96
3355,3159,3204.78,52.37
3445,3159,3234.04,70.87
3463,3159,3226.46,72.51
3350,3159,3218.46,57.63
3434,3159,3253.34,80.75
3383,3159,3229.58,69.96
3383,3159,3225.32,64.51
3440,3159,3240.24,80.7
3492,3159,3240.22,89.15
3485,3159,3227.76,74.6
3517,3159,3254.88,93.75
3451,3159,3236.24,85.32
3413,3159,3222.88,82.45
3403,3159,3231.62,71.11
3429,3159,3239.86,80.49
3384,3159,3227.92,76.7
3396,3159,3235.8,81.65
3405,3159,3220.3,73.35
3389,3159,3221.64,69.15
3383,3159,3238.38,69.31
3343,3159,3239.42,61.16
3314,3159,3214.8,57.22
3367,3157,3241.94,71.54
3361,3157,3219.62,61.45
3501,3157,3216.56,72.89
3562,3157,3247.86,87.42
3515,3157,3236.28,82.38
3365,3157,3222.02,61.98
3411,3157,3239.2,78.94
3377,3156,3226.1,65.56
3429,3156,3212.44,65.02
3387,3156,3234.92,76.33
3439,3156,3216.12,70.85
3398,3156,3211.3,71.46
3420,3156,3233.9,79.23
3460,3156,3228.58,84.8
3474,3156,3203.24,70.26
3403,3156,3220.04,78.29
3441,3156,3217.94,86.34
3374,3156,3187.86,58.91
3367,3156,3209.32,66.48
3330,3156,3202.72,64.27
3361,3156,3193.94,61.41
3375,3156,3228.94,70.69
3340,3156,3207.16,58.03
3316,3156,3190.36,47.86
3401,3156,3240.84,70.54
3413,3156,3235.84,78.43
3356,3156,3223.94,61.28
3483,3156,3255.5,77.44
3474,3156,3257.38,78.24
3411,3156,3239.86,74.81
3462,3156,3256.7,74.9
3447,3156,3243.08,78.03
3420,3156,3225.58,67.77
3498,3156,3250.66,85.8
3483,3156,3251.76,83.31
3483,3156,3224.44,86.57
3576,3156,3231.6,101.49
3613,3156,3224.56,97.26
3520,3156,3188.36,64.33
3408,3156,3215.48,58.78
3408,3156,3229.8,64.48
3417,3156,3231.1,72.51
3419,3156,3245.6,69.23
3383,3156,3217.2,69.31
3412,3156,3201.76,73.25
3530,3156,3243.22,95.52
3611,3156,3225.34,91.69
3532,3156,3217.72,83.78
3423,3156,3233.64,87.1
3423,3156,3203.98,75.2
3430,3156,3191.36,61.33
3464,3156,3218.34,70.99
3464,3156,3221.24,79.07
3464,3156,3233.22,90.94
3482,3156,3255.32,84.45
3482,3156,3217.28,68.57
3349,3156,3193.42,53.09
3394,3156,3240.12,68.09
3436,3156,3251.62,77.63
3436,3156,3227.46,76.26
3527,3156,3263.04,78.96
3534,3156,3255.48,91.65
3464,3156,3249.04,68.45
3450,3156,3265.32,73.3
3461,3156,3262.82,84.77
3464,3156,3248.4,91.56
3512,3156,3293.8,82.54
3524,3156,3276.74,92.03
3530,3156,3280.62,102.95
3449,3156,3283.2,92.89
3435,3156,3257.78,80.64
3412,3156,3254.62,83.98
3521,3156,3258.64,103.25
3507,3156,3257.1,116.39
3443,3156,3223.26,90.74
3530,3156,3268.28,94.73
3487,3156,3240,93.7
3405,3156,3226.86,87.86
3455,3156,3234.82,86.47
3453,3156,3235.42,92.65
3446,3156,3223.14,85.99
3517,3156,3237.12,85.42
3518,3156,3210.2,80.06
3491,3156,3198.7,68.38
3388,3156,3210.26,66.44
3388,3156,3207.8,63.84
3363,3156,3192.34,58.75
3383,3156,3215.06,62.28
3406,3156,3228.02,74.23
3391,3156,3226.66,70.48
3380,3156,3236.86,63.61
3426,3156,3243.56,75.67
3423,3156,3226.84,69.69
3469,3156,3242.04,80.52
3469,3156,3239.42,83.35
3484,3156,3238.3,87.16
3423,3156,3241.58,75.93
3392,3156,3220.14,60.2
3355,3156,3203.08,52.92
3434,3156,3241.3,86.88
3470,3156,3260.96,88.08
3423,3156,3230.16,68.16
3471,3156,3260.74,91.55
3496,3156,3250.46,84.99
3496,3156,3243.58,79.62
3396,3156,3256.76,78.86
3484,3156,3254.94,87.02
3426,3156,3209.16,64.55
3464,3155,3251.44,67.64
3344,3155,3241.02,57.54
3412,3155,3235.4,65.12
3476,3155,3257.96,69.53
3384,3155,3254.84,61.4
3348,3155,3236.9,56.08
3381,3155,3261.84,64.29
3405,3155,3251.62,66.65
3393,3155,3229.62,62.59
3397,3155,3243.32,78.6
3431,3155,3243.44,80.58
3428,3155,3238.36,73.22
3487,3155,3259.96,86.72
3389,3155,3235.82,73.09
3399,3155,3227.02,77.85
3420,3155,3242.96,71.69
3439,3155,3240.06,86.03
3485,3155,3217.2,88.94
3488,3155,3240.28,93.52
3404,3155,3211.84,75.27
3404,3155,3183.56,56.07
3464,3155,3207.88,76.68
3464,3155,3206.64,72.74
3316,3155,3183.36,44.46
3442,3155,3217.96,75.38
3471,3155,3197.06,70.61
3398,3155,3181.96,52.53
3368,3155,3213.94,59.79
3425,3155,3212.94,64.34
3311,3155,3197.98,49.3
3395,3155,3221.38,62.12
3353,3155,3200.42,59.84
3383,3155,3211.12,66.62
3464,3155,3248.28,90.16
3436,3155,3232.16,90.44
3421,3155,3219.68,78.15
3438,3155,3234.5,70.35
3432,3155,3232.24,86.32
3402,3155,3219.98,75.71
3487,3155,3245.72,78.43
3521,3155,3247.92,93.24
3546,3155,3250.24,92.92
3503,3155,3261.56,91.52
3497,3155,3251.98,86.22
3429,3155,3227.36,70.54
3461,3155,3242.28,83.91
3430,3155,3227.86,84.73
3405,3155,3208.1,65.62
3402,3155,3226.92,74.17
3428,3155,3224.56,73.92
3402,3155,3196.3,69.71
3378,3155,3216.7,71.07
3389,3155,3208.88,65.61
3392,3155,3206.54,73.02
3439,3155,3244.4,81.05
3441,3155,3221.6,79.83
3389,3154,3222.42,73.33
3475,3154,3259.86,93.61
3482,3154,3252.62,101.32
3467,3154,3222.1,92.36
3518,3154,3235.4,92.06
3420,3154,3222.86,71.55
3460,3154,3211.42,65.51
3439,3154,3236.86,78.98
3473,3154,3247.92,89.7
3453,3154,3226.12,77.98
3462,3154,3230.86,82.13
3462,3154,3232.42,87.31
3403,3154,3215.62,72.65
3479,3154,3249.04,91.48
3468,3154,3217.34,76.73
3482,3154,3211.7,79.73
3502,3154,3229.2,78.01
3379,3154,3205.04,71.56
3379,3154,3191.52,66.12
3382,3154,3232.76,75.39
3435,3154,3236.5,88.84
3395,3154,3224.06,75.89
3444,3154,3236.88,83.55
3437,3154,3248.32,83.38
3379,3154,3242.52,76.92
3454,3154,3271.62,83.73
3402,3154,3229.56,72.58
3426,3154,3215.1,66.34
3503,3154,3242.36,92.37
3455,3154,3242.84,79.69
3450,3154,3252,79.74
3519,3154,3282.74,91.73
3460,3154,3253.98,91.02
3479,3154,3228.08,87.11
3531,3154,3254.64,83.8
3383,3154,3252.98,68.97
3396,3154,3247.14,75.87
3458,3154,3270.32,86.13
3386,3154,3241.98,76.75
3450,3154,3221.12,70.89
3450,3154,3244.34,73.92
3387,3154,3226.3,62.89
3329,3154,3205,51.71
3462,3154,3246.52,87.26
3443,3154,3220.54,71.66
3362,3154,3218.56,65.57
3514,3154,3247.08,86.95
3421,3154,3240.12,72.79
3430,3154,3225.38,78.79
3512,3154,3231.14,87.29
3512,3154,3223.78,86.83
3527,3154,3227.5,86.36
3523,3154,3244.64,76.72
3452,3154,3219.52,66.82
3461,3154,3203.04,66.51
3497,3154,3234.24,74.55
3443,3154,3202.64,62.99
3443,3154,3203.56,64.39
3374,3154,3228.4,70.16
3399,3154,3229.96,71.22
3417,3154,3213.38,82.04
3435,3154,3245.86,86.85
3420,3154,3214.76,72.71
3382,3154,3197.92,62.48
3350,3154,3211.42,60.45
3442,3154,3224.68,78.67
3361,3154,3200.96,66.61
3472,3154,3243.82,81.67
3478,3154,3211.34,70.11
3375,3154,3203.28,62.94
3479,3154,3245.28,83.78
3459,3154,3222.74,86.09
3486,3154,3225.5,88.3
3485,3154,3240.3,88.66
3480,3154,3232.02,90.59
3523,3154,3221.38,97.4
3477,3154,3251.34,91.96
3497,3154,3245.26,92.69
3452,3154,3247.92,92.49
3437,3154,3250.1,87.11
3423,3154,3237.92,70.7
3445,3154,3243.02,80.13
3423,3154,3245.42,85.14
3371,3154,3214.64,69.01
3404,3154,3224.14,75.22
3454,3154,3229.2,91.46
3423,3154,3208.86,77.31
3423,3154,3194.3,68.28
3447,3154,3245.48,84.54
3421,3154,3223.16,69.75
3421,3154,3223.42,75.1
3467,3154,3233.36,82.75
3368,3154,3233.06,77.11
3350,3154,3212.4,67.16
3504,3154,3245.44,91.78
3404,3154,3233.62,84.25
3402,3154,3236.82,85.11
3495,3154,3264.66,84.59
3431,3154,3246.76,78.31
3475,3154,3269.1,96.37
3522,3154,3280.06,98.46
3462,3154,3265.96,99.97
3461,3154,3257.2,99.99
3499,3154,3287.4,96.68
3441,3154,3254.58,92.57
3468,3154,3253.92,92.92
3484,3154,3257.44,87.24
3466,3154,3245.96,78.8
3355,3154,3227.52,66.39
3426,3154,3244.14,86.93
3398,3154,3213.6,76.53
3398,3154,3191.2,64.73
3429,3154,3215.94,78.33
3475,3154,3188.86,73.91
3475,3154,3185.74,79.93
3481,3154,3220.24,93.63
3481,3154,3211.82,85.57
3520,3154,3187.56,70.7
3467,3154,3220.98,75.22
3465,3154,3226.98,84.85
3452,3154,3214.04,74.52
3534,3154,3261.56,89.96
3402,3154,3233.84,81.04
3443,3154,3200.3,67.15
3413,3154,3220.38,75.09
3472,3153,3210.22,73.33
3396,3153,3192.2,57.82
3415,3153,3208.4,74.19
3356,3153,3199.48,57.52
3422,3153,3201.06,68.59
3442,3153,3239.64,83.17
3443,3153,3233.44,85.1
3456,3153,3228.66,92.67
3469,3153,3269.22,101.92
3447,3153,3248.98,90.16
3396,3153,3201.32,67.5
3434,3153,3221.62,77.42
3434,3153,3211.04,82.17
3486,3153,3204.88,82.85
3489,3153,3227.36,81.93
3522,3153,3229.88,89.76
3513,3153,3218.1,85.26
3384,3153,3220.44,69.29
3542,3153,3224.74,86.79
3428,3153,3222.38,79.65
3464,3153,3252.94,84.57
3368,3153,3231.72,71.25
3402,3153,3208.44,67.47
3419,3153,3229.58,71.21
3382,3153,3216.94,67.45
3446,3153,3225.28,77.4
3450,3153,3262.92,88.26
3463,3153,3277.84,94.79
3471,3153,3253.98,99.61
3501,3153,3270.34,91.6
3438,3153,3253.38,90.24
3513,3153,3236.64,98.46
3504,3153,3255.48,96.73
3589,3153,3242.36,106.29
3444,3153,3215.74,78.62
3498,3153,3247.66,77.35
3327,3153,3210.28,58.19
3310,3153,3208.84,55.85
3366,3153,3233.84,67.06
3405,3153,3233.92,76.25
3397,3153,3217.38,64.29
3391,3153,3235.58,73.91
3408,3153,3227.48,76.02
3325,3153,3199.72,54.44
3443,3153,3219.94,69.1
3432,3153,3202.06,60.33
3336,3153,3190.36,53.23
3460,3153,3215.2,75.45
3418,3153,3215.58,67.78
3337,3153,3186.92,55.56
3460,3153,3216.4,66.42
3321,3153,3203.14,56.34
3391,3153,3202.36,69.11
3466,3153,3227.76,84.79
3351,3153,3203.84,64.28
3351,3153,3194,56.82
3468,3153,3226.92,73.47
3468,3153,3232.62,75.91
3468,3153,3233.26,74.29
3428,3153,3245.78,74.04
3435,3153,3242.04,81.37
3376,3153,3210.3,66.34
3470,3153,3239.32,82.81
3462,3153,3235.58,81.34
3482,3153,3235.34,90.28
3493,3153,3238.7,73.47
3423,3153,3246.6,77.06
3441,3153,3209.48,70.15
3478,3153,3249.1,76.44
3478,3153,3243.44,81.98
3385,3153,3234.84,68.91
3425,3153,3261.84,73.82
3481,3153,3237.06,79.1
3395,3153,3220.16,72.7
3478,3153,3246.52,83.84
3407,3153,3232.4,77.92
3495,3153,3243.88,87.32
3452,3153,3264.6,89.58
3397,3153,3221.34,72.96
3397,3153,3199.8,62.89
3412,3153,3218.8,71.3
3337,3153,3200.06,58.1
3337,3153,3193.86,55.3
3438,3153,3229.78,81.85
3459,3153,3210.18,79.34
3397,3153,3182.16,59.39
3374,3153,3206.2,65.1
3354,3153,3200,61.9
3428,3153,3200.58,68.65
3443,3153,3234.02,84.72
3385,3153,3197.54,63.01
3353,3153,3190.8,54.38
3382,3153,3229.4,74.22
3351,3153,3201.82,61.02
3358,3153,3206.12,63.9
3460,3153,3219.86,75.07
3460,3153,3212.88,70.75
3356,3153,3189.38,56.02
3460,3153,3228.84,75.32
3577,3153,3225.84,84.92
3577,3153,3219.46,79.78
3448,3153,3244.76,73.97
3391,3153,3224.94,69.55
3368,3153,3217.22,63.66
3401,3153,3247.06,76.16
3517,3153,3224.08,83.74
3368,3153,3213,69.52
3429,3153,3242.98,74.1
3420,3153,3218.48,76.69
3471,3153,3211.52,87.05
3447,3153,3235.46,78.49
3413,3153,3222.68,68.87
3413,3153,3217.42,74.42
3496,3153,3234.84,84.46
3368,3153,3218.18,66.44
3353,3153,3221.78,63.42
3396,3153,3230.94,72.47
3366,3153,3217.32,69.89
3434,3153,3201.42,73.99
3411,3153,3249.72,83.39
3418,3153,3241.78,82.84
3401,3153,3246.3,79.85
3516,3153,3270.02,98.56
3472,3153,3230.28,91.79
3510,3153,3221.04,92.01
3510,3153,3238.84,91.15
3604,3153,3227.78,94.11
3425,3153,3227.02,80.12
3453,3153,3236.5,77.91
3405,3153,3219.88,70.13
3446,3153,3213.48,71.16
3380,3153,3230.74,71.25
3372,3153,3224.04,73.01
3384,3153,3222.66,73.35
3460,3153,3254.26,88.14
3416,3153,3235.1,77.05
3429,3153,3232.56,76.24
3492,3153,3260.82,83.51
3459,3153,3241.42,75.82
3459,3153,3242.74,77.5
3459,3153,3257.92,80.98
3409,3153,3239.7,77.23
3409,3153,3209.76,65.18
3462,3153,3247.46,84.98
3462,3153,3236.42,84.12
3475,3153,3220.36,83.6
3396,3153,3237.02,71.5
3376,3153,3213.72,66.71
3368,3153,3197.78,63.08
3440,3153,3238.32,74.46
3368,3153,3236.36,70.75
3420,3153,3236.12,71.6
3445,3153,3253.76,76.26
3430,3153,3256.36,75.23
3501,3153,3247.04,80.25
3508,3153,3256.74,84.8
3455,3153,3228.6,79.78
3396,3153,3203.26,66.52
3472,3153,3247.12,90.63
3396,3153,3214.96,83.67
3396,3153,3209.1,78.62
3384,3153,3229.84,78.21
3387,3153,3229.94,84.5
3408,3153,3233.74,84.55
3425,3153,3248.6,81.33
3402,3153,3228.06,74.57
3445,3153,3228.32,88.57
3476,3153,3237.2,84.17
3380,3153,3208.72,64.05
3364,3153,3203.46,64.43
3448,3153,3241.68,81.75
3448,3153,3239.12,78.16
3366,3153,3214.76,70.13
3455,3153,3223.62,83.63
3455,3153,3206.68,79.47
3413,3153,3195.2,65.36
3442,3153,3248.02,83.61
3439,3153,3246.44,83.78
3460,3153,3225.16,84.48
3430,3153,3221.36,75.09
3452,3153,3204.86,75.13
3405,3153,3199.14,66.23
3352,3153,3214.54,59.01
3415,3153,3206.7,69.47
3337,3153,3199.44,62.24
3476,3153,3223.38,85.45
3478,3153,3216.04,87.41
3388,3153,3189.64,70.05
3425,3153,3220.58,82.69
3433,3153,3205.06,73.94
3485,3153,3204.14,75.88
3455,3153,3227.78,76.72
3384,3153,3222.08,74.27
3405,3153,3224.88,75.22
3432,3153,3244.8,78.56
3422,3153,3245.44,88.17
3466,3153,3246.22,89.21
3466,3153,3253.3,89.13
3496,3153,3244.78,99.69
3426,3153,3222.38,81.25
3517,3153,3249.22,96.4
3396,3153,3205.6,69.55
3416,3153,3213.38,80.14
3442,3153,3235.4,89.99
3447,3153,3218.52,87.43
3318,3153,3181.14,48.64
3374,3153,3206.42,63.22
3302,3153,3185.06,41.66
3367,3153,3178.56,40.99
3459,3153,3226.38,84.8
3471,3153,3207.3,69.65
3349,3153,3190.9,58.54
3444,3153,3234.66,85.34
3531,3153,3233.12,93.36
3425,3153,3215.66,76.47
3409,3153,3252.34,76.17
3403,3153,3250.7,81.49
3410,3153,3235.42,78.93
3485,3153,3249.64,95.47
3451,3153,3231.82,84.78
3349,3153,3203.5,62.57
3426,3153,3248.14,79.37
3422,3153,3241.6,86.42
3434,3153,3241.4,86.87
3485,3153,3265.68,91.61
3433,3153,3246.12,81.22
3433,3153,3243.6,77.89
3542,3153,3275.2,89.73
3542,3153,3270.3,104.51
3438,3153,3239.52,86.28
3461,3153,3271.08,79
3522,3153,3263.06,87.39
3573,3153,3264.66,94.57
3438,3153,3252.38,82.79
3363,3153,3225.6,60.93
3440,3153,3221.98,70.02
3369,3153,3238.18,72.3
3417,3153,3234.18,75.46
3456,3153,3219.02,74.16
3367,3153,3239.46,74.01
3401,3153,3223.06,72.35
3445,3153,3211.34,69.88
3501,3153,3263.02,96.19
3487,3153,3235,99.76
3398,3153,3223.8,85.63
3497,3153,3248.24,92.03
3546,3153,3238.36,91.85
3375,3153,3206.1,72.27
3450,3153,3240.7,90.09
3415,3153,3238.06,84.56
3406,3153,3208.2,73.59
3496,3153,3229.26,83.18
3493,3153,3212.24,79.07
3401,3153,3205.62,71.05
3465,3153,3230.14,85.94
3508,3153,3227.82,86.12
3391,3153,3203.26,62.97
3406,3153,3243.16,76.8
3430,3153,3227.24,76.33
3399,3153,3215.92,60.23
3454,3153,3227.26,72.48
3425,3153,3223.8,82
3395,3153,3222.24,76.19
3480,3153,3257.42,92.88
3424,3153,3224.12,89.95
3441,3153,3224.44,88.85
3460,3153,3258.76,87.48
3534,3153,3247.68,87.33
3387,3153,3234.34,69.32
3460,3153,3260.28,91.56
3482,3153,3239.98,89.11
3473,3153,3237.6,87.17
3473,3153,3266.56,88.71
3459,3153,3250.58,81.35
3397,3153,3229.16,79.3
3419,3153,3251.58,79.58
3436,3153,3227.24,71.75
3332,3153,3193.86,53.43
3391,3153,3239.98,74.4
3436,3153,3243.3,75.87
3401,3153,3221.36,78.13
3616,3153,3256.78,94.01
3557,3153,3232.8,86.22
3557,3153,3226.66,94.67
3424,3153,3228.9,76.83
3469,3153,3224.12,88.51
3418,3153,3202.94,69.15
3374,3153,3212.06,64.7
3405,3153,3199.9,66.02
3356,3153,3187.82,51.75
3394,3153,3225.72,75.92
3429,3153,3229.12,85.77
3429,3153,3217.24,85.18
3439,3153,3238.2,76.91
3439,3153,3217.56,69.83
3423,3153,3219.22,76.29
3507,3153,3244.44,90.07
3382,3153,3218.6,68.94
3382,3151,3202.52,65.81
3598,3151,3247.4,95.74
3442,3151,3212.92,69.1
3442,3151,3198.64,58.67
3460,3151,3227.36,68.89
3335,3151,3205.02,58.38
3342,3151,3203.2,61.86
3456,3151,3243.92,74.11
3381,3151,3220.6,64.31
3404,3151,3221.12,71.64
3548,3151,3235.36,87.36
3520,3151,3223.9,85.92
3423,3151,3227.1,86.48
3489,3151,3256.7,93.33
3464,3151,3227.22,89.7
3434,3151,3221.2,78.78
3467,3151,3231.84,81.87
3519,3151,3222.84,85.48
3422,3151,3219.6,73.02
3424,3151,3251.36,82.98
3420,3151,3236.9,85.58
3416,3151,3223.64,77.79
3450,3151,3244.82,85.36
3502,3151,3251.38,94.83
3541,3151,3251.46,93.39
3495,3151,3281.76,88.74
3534,3151,3274.12,104.01
3493,3151,3254.66,75.35
3453,3151,3267.26,74.13
3445,3151,3241.4,73.6
3545,3151,3234.34,89.16
3460,3151,3255.92,90.13
3523,3151,3233.66,95.11
3551,3151,3252.04,107.92
3493,3151,3268.36,99.82
3486,3151,3264.48,100.46
3477,3151,3226.88,89.3
3432,3151,3250.56,92.81
3421,3151,3208.44,71.58
3302,3151,3186.74,43.49
3414,3151,3232.3,78.21
3414,3151,3211.24,69.02
3537,3151,3215.54,89.03
3440,3151,3233.88,82.72
3411,3151,3216.78,74.35
3456,3151,3201.3,73.67
3412,3151,3214.72,66.27
3425,3151,3210.1,75.91
3358,3151,3188.78,61.16
3460,3151,3229.26,80.7
3365,3151,3206.46,64.47
3365,3151,3190.58,59.21
3425,3151,3214.78,70.95
3357,3151,3199.04,50.49
3361,3151,3180.68,46.82
3336,3151,3215.14,60.11
3332,3151,3208.32,60.11
3327,3151,3187.08,49
3419,3151,3221.04,75.3
3380,3151,3197.46,63.53
3351,3151,3172.98,44.41
3513,3151,3211.76,89
3511,3151,3203.54,85.7
3507,3151,3184.76,73.31
3395,3151,3211.64,69.64
3436,3151,3201.76,65.57
3528,3151,3200.08,77.74
